{"cameraMode":{"drawMode":0,"name":"Shaded","section":"Shading Mode"},"sceneLighting":false,"audioPlay":false,"sceneViewState":{"showFog":true,"showMaterialUpdate":false,"showSkybox":true,"showFlares":true,"showImageEffects":true,"showParticleSystems":true},"in2DMode":false,"pivot":{"x":6.361999988555908,"y":0.25,"z":-14.12399959564209},"rotation":{"x":0.44498223066329958,"y":-0.5279756784439087,"z":0.38276833295822146,"w":0.6137760281562805},"size":2.857893705368042,"orthographic":false}