{"cameraMode":{"drawMode":0,"name":"Shaded","section":"Shading Mode"},"sceneLighting":true,"audioPlay":false,"sceneViewState":{"showFog":true,"showMaterialUpdate":false,"showSkybox":true,"showFlares":true,"showImageEffects":true,"showParticleSystems":true},"in2DMode":false,"pivot":{"x":-10.755547523498536,"y":0.15866681933403016,"z":-7.696496486663818},"rotation":{"x":-0.27130407094955447,"y":-0.5925164222717285,"z":0.22160425782203675,"w":-0.725403368473053},"size":7.033668041229248,"orthographic":false}