{"cameraMode":{"drawMode":0,"name":"Shaded","section":"Shading Mode"},"sceneLighting":false,"audioPlay":false,"sceneViewState":{"showFog":true,"showMaterialUpdate":false,"showSkybox":true,"showFlares":true,"showImageEffects":true,"showParticleSystems":true},"in2DMode":false,"pivot":{"x":0.0,"y":0.32499998807907107,"z":2.5799999237060549},"rotation":{"x":0.24610181152820588,"y":-0.5661340951919556,"z":0.18204571306705476,"w":0.76536625623703},"size":2.0525760650634767,"orthographic":false}