{"cameraMode":{"drawMode":0,"name":"Shaded","section":"Shading Mode"},"sceneLighting":false,"audioPlay":false,"sceneViewState":{"showFog":true,"showMaterialUpdate":false,"showSkybox":true,"showFlares":true,"showImageEffects":true,"showParticleSystems":true},"in2DMode":false,"pivot":{"x":2.9802322387695315e-8,"y":0.44999998807907107,"z":-2.299999952316284},"rotation":{"x":0.24610181152820588,"y":-0.5661340951919556,"z":0.18204571306705476,"w":0.76536625623703},"size":2.2952210903167726,"orthographic":false}